<?xml version="1.0" encoding="UTF-8"?>
<feature
      id="org.eclipse.gef.examples"
      label="%featureName"
      version="3.2.2.v20070208"
      provider-name="%providerName"
      plugin="org.eclipse.gef.examples.source"
      image="eclipse_update_120.jpg">

   <description>
      %description
   </description>

   <license>
      %license
   </license>

   <url>
      <update label="%updateSiteName" url="http://download.eclipse.org/tools/gef/update-site/releases/site.xml"/>
   </url>

   <requires>
      <import plugin="org.eclipse.gef" version="3.2.0" match="compatible"/>
   </requires>

   <plugin
         id="org.eclipse.gef.examples.logic"
         download-size="0"
         install-size="0"
         version="3.2.0.v20060626"
         unpack="false"/>

   <plugin
         id="org.eclipse.gef.examples.flow"
         download-size="0"
         install-size="0"
         version="3.2.0.v20060626"
         unpack="false"/>

   <plugin
         id="org.eclipse.gef.examples.shapes"
         download-size="0"
         install-size="0"
         version="3.2.0.v20060626"
         unpack="false"/>

   <plugin
         id="org.eclipse.gef.examples.source"
         download-size="0"
         install-size="0"
         version="3.2.2.v20070208"/>

   <plugin
         id="org.eclipse.gef.examples.text"
         download-size="0"
         install-size="0"
         version="3.2.0.v20060626"
         unpack="false"/>

</feature>
