<?xml version="1.0" encoding="UTF-8"?>
<!--
    Copyright (c) 2005, 2009 IBM Corporation and others.
    All rights reserved. This program and the accompanying materials
    are made available under the terms of the Eclipse Public License v1.0
    which accompanies this distribution, and is available at
    http://www.eclipse.org/legal/epl-v10.html
   
    Contributors:
        IBM Corporation - initial API and implementation
 -->
<feature
      id="org.eclipse.gef.all"
      label="%featureName"
      version="3.8.2.201301141834"
      provider-name="%providerName"
      plugin="org.eclipse.gef"
      image="eclipse_update_120.jpg">

   <description>
      %description
   </description>

   <copyright>
      %copyright
   </copyright>

   <license url="%licenseURL">
      %license
   </license>

   <url>
      <update label="%updateSiteName" url="http://download.eclipse.org/tools/gef/updates/releases/"/>
      <discovery label="%updateSiteName" url="http://download.eclipse.org/tools/gef/updates/releases/"/>
   </url>

   <includes
         id="org.eclipse.gef.sdk"
         version="3.8.2.201301141834"/>

   <includes
         id="org.eclipse.zest.sdk"
         version="1.4.2.201301141834"/>

   <includes
         id="org.eclipse.gef.examples"
         version="3.8.2.201301141834"/>

</feature>
