<?xml version="1.0" encoding="UTF-8" ?> 
<feature 
		provider-name="%providerName" 
		label="%featureName" 
		image="eclipse_update_120.jpg" 
		id="org.eclipse.gef.source" 
		version="3.2.2.v20070208">
	<description>%description</description> 
	<license url="%licenseURL">%license</license> 
	<url>
		<update label="%updateSiteName" url="http://update.eclipse.org/updates/3.0" /> 
	</url>
	<plugin id="org.eclipse.gef.doc.isv"
			download-size="0" 
			install-size="0" 
			version="3.2.0.v20060626" 
			unpack="false" /> 
	<plugin id="org.eclipse.draw2d.doc.isv"
			download-size="0" 
			install-size="0" 
			version="3.2.0.v20060626" 
			unpack="false" /> 
	<plugin id="org.eclipse.gef.source"
			download-size="0" 
			install-size="0" 
			version="3.2.2.v20070208"/> 
</feature>