<?xml version="1.0" encoding="UTF-8"?>
<feature
      id="org.eclipse.draw2d.source"
      label="%featureName"
      version="3.8.2.201301141834"
      provider-name="%providerName">

   <description>
      %description
   </description>

   <copyright>
      %copyright
   </copyright>

   <license url="%licenseURL">
      %license
   </license>

   <url>
      <update label="%updateSiteName" url="http://download.eclipse.org/tools/gef/updates/releases/"/>
      <discovery label="%updateSiteName" url="http://download.eclipse.org/tools/gef/updates/releases/"/>
   </url>

   <plugin
         id="org.eclipse.draw2d.source"
         download-size="488"
         install-size="1501"
         version="3.8.1.201301141834"
         unpack="false"/>

</feature>
